{
    "message": null,
    "fileName": null,
    "data": {
        "patientdata": {
            "patientAddress": "Mankhurd",
            "patientId": "UNQ103",
            "patientName": "Brijmohan Patel",
            "patientGender": "Male",
            "patientMobileNumber": "9930919679",
            "age": 25,
            "patientRegistrationDate": "2020-02-01",
            "patientOccupation": "SDE",
            "patientMedicalHistory": "NO",
            "patientChiefComplaint": "NO"
        },
        "userName": null,
        "password": null
    },
    "statusCode": null,
    "userId": 0,
    "email": null,
    "fileData": null,
    "mobile": null,
    "accessToken": null,
    "userCode": null,
    "status": null,
    "userName": null,
    "action": null
}