{
  "status": "",
  "message": "",
  "userName": null,
  "statusCode": "",
  "action": "",
  "userCode": null,
  "userId": 0,
  "accessToken": null,
  "mobile": null,
  "email": null,
  "data": {
    "treatmentPlanData": {
      "caseno": "UNQ101",
      "plans": [
        {
          "treatment": "RC",
          "estimatedAmount": "5000",
          "upperLeftTooth": "3",
          "upperRightTooth": "1",
          "lowerLeftTooth": "3",
          "lowerRightTooth": "1"
        },
        {
          "treatment": "Crowns",
          "estimatedAmount": "4000",
          "upperLeftTooth": "7,5",
          "upperRightTooth": "7",
          "lowerLeftTooth": "1",
          "lowerRightTooth": "3"
        }
      ],
      "totalTreatmentPlanAmount": 9000
    }
  }
}