{
  "status": "",
  "message": "",
  "userName": null,
  "statusCode": "",
  "action": "",
  "userCode": null,
  "userId": 0,
  "accessToken": null,
  "mobile": null,
  "email": null,
  "data": {
    "treatmentDetail": {
      "treatment_tooth": {
        "upperLeftTooth": "1",
        "upperRightTooth": "2",
        "lowerLeftTooth": "1",
        "lowerRightTooth": "2"
      },
      "tp_id": "TP00452",
      "totalAmount": "85000",
      "case_no": "UNQ00152",
      "payment": "60000",
      "paid": "60000",
      "balance": 25000,
      "workDone": "ACDFD",
      "treatment_date": "2021-02-12"
    }
  }
}